"Figure 4. Average Location of Three Fish and Shellfish Species in the Southeast, 1989–2019",,,,,,,,,
Source: EPA's Climate Change Indicators in the United States: www.epa.gov/climate-indicators,,,,,,,,,
"Data source: NOAA, 2024",,,,,,,,,
Web update: June 2024,,,,,,,,,
Units: degrees; degrees; miles,,,,,,,,,
,,,,,,,,,
,Smooth butterfly ray,,,Banded drum,,,Atlantic croaker,,
Year,Latitude,Longitude,Change in latitude (miles),Latitude,Longitude,Change in latitude (miles),Latitude,Longitude,Change in latitude (miles)
1989,29.88996284,-80.55388271,0,30.01343394,-81.06206954,0,31.61116918,-79.64833674,0
1990,29.73941341,-80.68203325,-10.38791078,29.94784938,-81.01146089,-4.525334846,31.87100894,-79.50268259,17.92894327
1991,29.68074748,-80.88326528,-14.43585992,30.02296791,-80.95203291,0.657844098,32.23383942,-79.29645211,42.96424637
1992,29.74017252,-81.01121818,-10.33553236,30.04953989,-81.05899251,2.49131046,32.7891161,-78.85669831,81.27833774
1993,29.87376311,-81.13583842,-1.117781653,30.30387278,-81.05952929,20.04027953,33.14309943,-78.56413686,105.7031873
1994,29.8675231,-81.14508138,-1.548342472,30.46306298,-81.04966612,31.02440338,33.64997944,-78.10649274,140.6779081
1995,29.88318013,-81.0984733,-0.468007214,30.32549746,-81.18495101,21.53238294,33.69668884,-78.07334818,143.9008566
1996,30.14428328,-81.00799867,17.54810999,30.45358111,-81.16846384,30.37015465,33.7731616,-78.06623785,149.1774772
1997,30.32477929,-80.96441579,30.0023346,30.8506318,-80.92621411,57.76665224,33.81714372,-78.04537408,152.2122436
1998,30.28543871,-81.03927053,27.28783477,30.79065653,-80.96163099,53.62835875,33.85015545,-77.98424915,154.490053
1999,30.35989579,-80.94259953,32.42537358,30.61286376,-81.02668691,41.36065734,33.82911465,-77.99609754,153.0382372
2000,30.78129636,-80.67664993,61.50201297,30.96829208,-80.65274784,65.88521186,33.97234216,-77.87267255,162.9209357
2001,31.25953502,-80.21741192,94.50048015,31.17481206,-80.60114679,80.13509047,33.99365198,-77.84581706,164.391313
2002,31.00599549,-80.29602721,77.00625237,31.2199832,-80.71622165,83.25189876,34.04054697,-77.81910176,167.6270675
2003,30.75843454,-80.3552638,59.92454698,31.10692285,-80.87998517,75.45073472,33.97165045,-77.89638683,162.8732077
2004,30.14790022,-80.74710367,17.79767894,30.34697547,-80.88421844,23.01436541,33.98376705,-77.84533209,163.7092532
2005,30.34705237,-80.53705897,31.53917728,30.70140766,-80.61210426,47.47018688,34.10352772,-77.64434544,171.9727392
2006,30.90323622,-80.10034722,69.91586276,31.15498324,-80.29824032,78.76690161,34.09332715,-77.65862914,171.2689003
2007,31.4081378,-79.72093343,104.7540722,32.2935263,-79.35913861,157.3263724,34.02614283,-77.81573626,166.6331818
2008,31.91970071,-79.26412239,140.0519126,32.79001247,-79.00239874,191.5839184,33.9821016,-77.8851742,163.5943368
2009,32.73938899,-78.6159653,196.6104044,33.0102037,-79.00255764,206.7771134,33.93902996,-77.92820202,160.622394
2010,33.70353874,-77.71196376,263.1367368,32.97554512,-79.18691375,204.3856714,34.02806951,-77.81237347,166.7661229
2011,33.4755124,-77.97051764,247.4029193,32.76882397,-79.45733323,190.121912,34.05629824,-77.75032478,168.7139053
2012,32.66595025,-78.72790769,191.543131,32.6407158,-79.53984321,181.2824482,34.05953416,-77.74243849,168.937184
2013,32.35482243,-79.04365385,170.0753115,32.73760566,-79.33173347,187.9678488,34.00490352,-77.85153328,165.1676694
2014,31.5513386,-79.85511675,114.6349276,32.62227119,-79.38370442,180.0097703,33.99779259,-77.89578332,164.6770153
2015,31.84323393,-79.62450563,134.7757052,32.46744306,-79.48373513,169.3266292,33.98617563,-77.93525308,163.8754454
2016,32.13674609,-79.41312686,155.028044,32.09960197,-80.0023011,143.9455937,34.01841505,-77.92395679,166.0999651
2017,32.39739095,-79.15652123,173.0125392,31.62769876,-80.46823494,111.3842726,33.88101203,-78.06913203,156.6191566
2018,32.18110158,-79.40273658,158.088573,31.62273745,-80.51280413,111.0419422,33.68851976,-78.21837388,143.3371902
2019,32.12474651,-79.49274167,154.2000734,31.6735746,-80.46329718,114.5497052,33.27559673,-78.55822053,114.8455009
