year,species,variable,value,unit
1985,Snow crab,latitude,59.55771463,degrees
1987,Snow crab,latitude,59.53739298,degrees
1988,Snow crab,latitude,59.40023747,degrees
1989,Snow crab,latitude,59.23535778,degrees
1990,Snow crab,latitude,59.10749848,degrees
1991,Snow crab,latitude,59.11732943,degrees
1992,Snow crab,latitude,59.31204935,degrees
1993,Snow crab,latitude,59.563332,degrees
1994,Snow crab,latitude,59.61302222,degrees
1995,Snow crab,latitude,59.46039934,degrees
1996,Snow crab,latitude,59.27226046,degrees
1997,Snow crab,latitude,59.18197424,degrees
1998,Snow crab,latitude,59.21895501,degrees
1999,Snow crab,latitude,59.39534789,degrees
2000,Snow crab,latitude,59.67844948,degrees
2001,Snow crab,latitude,59.94782434,degrees
2002,Snow crab,latitude,60.04849986,degrees
2003,Snow crab,latitude,60.08273402,degrees
2004,Snow crab,latitude,59.94316967,degrees
2005,Snow crab,latitude,59.70132096,degrees
2006,Snow crab,latitude,59.41110967,degrees
2007,Snow crab,latitude,59.23059028,degrees
2008,Snow crab,latitude,59.24943891,degrees
2009,Snow crab,latitude,59.44535507,degrees
2010,Snow crab,latitude,59.66039185,degrees
2011,Snow crab,latitude,59.62548865,degrees
2012,Snow crab,latitude,59.37188847,degrees
2013,Snow crab,latitude,59.07102254,degrees
2014,Snow crab,latitude,58.93010636,degrees
2015,Snow crab,latitude,59.17689408,degrees
2016,Snow crab,latitude,59.70900774,degrees
2017,Snow crab,latitude,60.05788275,degrees
2018,Snow crab,latitude,60.12287167,degrees
2019,Snow crab,latitude,60.04300867,degrees
2021,Snow crab,latitude,60.06476688,degrees
2022,Snow crab,latitude,60.18524026,degrees
1985,Snow crab,longitude,-172.2194445,degrees
1987,Snow crab,longitude,-172.1298497,degrees
1988,Snow crab,longitude,-171.9978652,degrees
1989,Snow crab,longitude,-171.9239293,degrees
1990,Snow crab,longitude,-171.8886445,degrees
1991,Snow crab,longitude,-172.0132847,degrees
1992,Snow crab,longitude,-172.0939227,degrees
1993,Snow crab,longitude,-172.1639395,degrees
1994,Snow crab,longitude,-172.1145881,degrees
1995,Snow crab,longitude,-172.0505345,degrees
1996,Snow crab,longitude,-171.9002773,degrees
1997,Snow crab,longitude,-171.8854112,degrees
1998,Snow crab,longitude,-171.985842,degrees
1999,Snow crab,longitude,-172.2999005,degrees
2000,Snow crab,longitude,-172.8210603,degrees
2001,Snow crab,longitude,-173.2983856,degrees
2002,Snow crab,longitude,-173.3851457,degrees
2003,Snow crab,longitude,-173.239439,degrees
2004,Snow crab,longitude,-172.9058982,degrees
2005,Snow crab,longitude,-172.5158118,degrees
2006,Snow crab,longitude,-172.0651352,degrees
2007,Snow crab,longitude,-171.8087508,degrees
2008,Snow crab,longitude,-171.9688568,degrees
2009,Snow crab,longitude,-172.5701813,degrees
2010,Snow crab,longitude,-173.2026478,degrees
2011,Snow crab,longitude,-173.4331926,degrees
2012,Snow crab,longitude,-173.1286909,degrees
2013,Snow crab,longitude,-172.5628049,degrees
2014,Snow crab,longitude,-172.0521551,degrees
2015,Snow crab,longitude,-172.0402181,degrees
2016,Snow crab,longitude,-172.390032,degrees
2017,Snow crab,longitude,-172.646225,degrees
2018,Snow crab,longitude,-172.6363231,degrees
2019,Snow crab,longitude,-172.550875,degrees
2021,Snow crab,longitude,-173.0956846,degrees
2022,Snow crab,longitude,-173.2588549,degrees
1985,Snow crab,change_in_latitude,0,miles
1987,Snow crab,change_in_latitude,-1.402194172,miles
1988,Snow crab,change_in_latitude,-10.86592386,miles
1989,Snow crab,change_in_latitude,-22.24262272,miles
1990,Snow crab,change_in_latitude,-31.06491404,miles
1991,Snow crab,change_in_latitude,-30.38657865,miles
1992,Snow crab,change_in_latitude,-16.95090445,miles
1993,Snow crab,change_in_latitude,0.387598625,miles
1994,Snow crab,change_in_latitude,3.816223824,miles
1995,Snow crab,change_in_latitude,-6.714755319,miles
1996,Snow crab,change_in_latitude,-19.69633758,miles
1997,Snow crab,change_in_latitude,-25.92608709,miles
1998,Snow crab,change_in_latitude,-23.37441388,miles
1999,Snow crab,change_in_latitude,-11.20330526,miles
2000,Snow crab,change_in_latitude,8.330704771,miles
2001,Snow crab,change_in_latitude,26.91757023,miles
2002,Snow crab,change_in_latitude,33.86418082,miles
2003,Snow crab,change_in_latitude,36.22633805,miles
2004,Snow crab,change_in_latitude,26.59639809,miles
2005,Snow crab,change_in_latitude,9.908836966,miles
2006,Snow crab,change_in_latitude,-10.11574229,miles
2007,Snow crab,change_in_latitude,-22.57158048,miles
2008,Snow crab,change_in_latitude,-21.27102452,miles
2009,Snow crab,change_in_latitude,-7.752809944,miles
2010,Snow crab,change_in_latitude,7.084728296,miles
2011,Snow crab,change_in_latitude,4.676407215,miles
2012,Snow crab,change_in_latitude,-12.82200531,miles
2013,Snow crab,change_in_latitude,-33.58175442,miles
2014,Snow crab,change_in_latitude,-43.30497064,miles
2015,Snow crab,change_in_latitude,-26.27661804,miles
2016,Snow crab,change_in_latitude,10.43922449,miles
2017,Snow crab,change_in_latitude,34.51160041,miles
2018,Snow crab,change_in_latitude,38.99583585,miles
2019,Snow crab,change_in_latitude,33.48528873,miles
2021,Snow crab,change_in_latitude,34.98660506,miles
2022,Snow crab,change_in_latitude,43.29926817,miles
1985,Walleye pollock,latitude,58.27939879,degrees
1987,Walleye pollock,latitude,58.31519113,degrees
1988,Walleye pollock,latitude,58.29993355,degrees
1989,Walleye pollock,latitude,58.27648476,degrees
1990,Walleye pollock,latitude,58.17167522,degrees
1991,Walleye pollock,latitude,58.04074408,degrees
1992,Walleye pollock,latitude,57.89785897,degrees
1993,Walleye pollock,latitude,57.68261634,degrees
1994,Walleye pollock,latitude,57.56879775,degrees
1995,Walleye pollock,latitude,57.616089,degrees
1996,Walleye pollock,latitude,57.97338761,degrees
1997,Walleye pollock,latitude,58.44346831,degrees
1998,Walleye pollock,latitude,58.54685656,degrees
1999,Walleye pollock,latitude,58.34936175,degrees
2000,Walleye pollock,latitude,58.1770458,degrees
2001,Walleye pollock,latitude,58.14257543,degrees
2002,Walleye pollock,latitude,58.20305794,degrees
2003,Walleye pollock,latitude,58.21782692,degrees
2004,Walleye pollock,latitude,58.18834217,degrees
2005,Walleye pollock,latitude,58.1780477,degrees
2006,Walleye pollock,latitude,58.27397925,degrees
2007,Walleye pollock,latitude,58.42171587,degrees
2008,Walleye pollock,latitude,58.53851081,degrees
2009,Walleye pollock,latitude,58.52669057,degrees
2010,Walleye pollock,latitude,58.43162816,degrees
2011,Walleye pollock,latitude,58.3631931,degrees
2012,Walleye pollock,latitude,58.36076076,degrees
2013,Walleye pollock,latitude,58.43893949,degrees
2014,Walleye pollock,latitude,58.53913188,degrees
2015,Walleye pollock,latitude,58.59630235,degrees
2016,Walleye pollock,latitude,58.55512773,degrees
2017,Walleye pollock,latitude,58.50257517,degrees
2018,Walleye pollock,latitude,58.52585587,degrees
2019,Walleye pollock,latitude,58.61660878,degrees
2021,Walleye pollock,latitude,58.4931286,degrees
2022,Walleye pollock,latitude,58.28495984,degrees
1985,Walleye pollock,longitude,-170.9716245,degrees
1987,Walleye pollock,longitude,-171.4096337,degrees
1988,Walleye pollock,longitude,-171.5620077,degrees
1989,Walleye pollock,longitude,-171.5819561,degrees
1990,Walleye pollock,longitude,-171.5402815,degrees
1991,Walleye pollock,longitude,-171.1168517,degrees
1992,Walleye pollock,longitude,-170.4361567,degrees
1993,Walleye pollock,longitude,-169.3898229,degrees
1994,Walleye pollock,longitude,-168.802194,degrees
1995,Walleye pollock,longitude,-168.7897417,degrees
1996,Walleye pollock,longitude,-169.3760231,degrees
1997,Walleye pollock,longitude,-170.3616762,degrees
1998,Walleye pollock,longitude,-170.5899475,degrees
1999,Walleye pollock,longitude,-170.5880215,degrees
2000,Walleye pollock,longitude,-170.1811421,degrees
2001,Walleye pollock,longitude,-170.1620695,degrees
2002,Walleye pollock,longitude,-170.1473012,degrees
2003,Walleye pollock,longitude,-170.3854402,degrees
2004,Walleye pollock,longitude,-170.6317581,degrees
2005,Walleye pollock,longitude,-171.1205123,degrees
2006,Walleye pollock,longitude,-171.652075,degrees
2007,Walleye pollock,longitude,-172.2280279,degrees
2008,Walleye pollock,longitude,-172.5204101,degrees
2009,Walleye pollock,longitude,-172.5254351,degrees
2010,Walleye pollock,longitude,-172.1660615,degrees
2011,Walleye pollock,longitude,-171.8054759,degrees
2012,Walleye pollock,longitude,-171.4217585,degrees
2013,Walleye pollock,longitude,-171.3464813,degrees
2014,Walleye pollock,longitude,-171.1634539,degrees
2015,Walleye pollock,longitude,-170.8621362,degrees
2016,Walleye pollock,longitude,-170.3669011,degrees
2017,Walleye pollock,longitude,-170.2432989,degrees
2018,Walleye pollock,longitude,-170.4497931,degrees
2019,Walleye pollock,longitude,-170.9871903,degrees
2021,Walleye pollock,longitude,-171.0146868,degrees
2022,Walleye pollock,longitude,-170.6857902,degrees
1985,Walleye pollock,change_in_latitude,0,miles
1987,Walleye pollock,change_in_latitude,2.469671089,miles
1988,Walleye pollock,change_in_latitude,1.41689806,miles
1989,Walleye pollock,change_in_latitude,-0.201068325,miles
1990,Walleye pollock,change_in_latitude,-7.432926275,miles
1991,Walleye pollock,change_in_latitude,-16.46717495,miles
1992,Walleye pollock,change_in_latitude,-26.32624808,miles
1993,Walleye pollock,change_in_latitude,-41.17798919,miles
1994,Walleye pollock,change_in_latitude,-49.03147225,miles
1995,Walleye pollock,change_in_latitude,-45.76837578,miles
1996,Walleye pollock,change_in_latitude,-21.11477182,miles
1997,Walleye pollock,change_in_latitude,11.32079661,miles
1998,Walleye pollock,change_in_latitude,18.45458616,miles
1999,Walleye pollock,change_in_latitude,4.827444285,miles
2000,Walleye pollock,change_in_latitude,-7.062356364,miles
2001,Walleye pollock,change_in_latitude,-9.440812286,miles
2002,Walleye pollock,change_in_latitude,-5.267518643,miles
2003,Walleye pollock,change_in_latitude,-4.248458876,miles
2004,Walleye pollock,change_in_latitude,-6.282906763,miles
2005,Walleye pollock,change_in_latitude,-6.993225292,miles
2006,Walleye pollock,change_in_latitude,-0.373948133,miles
2007,Walleye pollock,change_in_latitude,9.819878064,miles
2008,Walleye pollock,change_in_latitude,17.87872938,miles
2009,Walleye pollock,change_in_latitude,17.06313247,miles
2010,Walleye pollock,change_in_latitude,10.50382665,miles
2011,Walleye pollock,change_in_latitude,5.781806932,miles
2012,Walleye pollock,change_in_latitude,5.61397611,miles
2013,Walleye pollock,change_in_latitude,11.00830784,miles
2014,Walleye pollock,change_in_latitude,17.92158308,miles
2015,Walleye pollock,change_in_latitude,21.86634519,miles
2016,Walleye pollock,change_in_latitude,19.025297,miles
2017,Walleye pollock,change_in_latitude,15.39916982,miles
2018,Walleye pollock,change_in_latitude,17.00553851,miles
2019,Walleye pollock,change_in_latitude,23.26748901,miles
2021,Walleye pollock,change_in_latitude,14.74735696,miles
2022,Walleye pollock,change_in_latitude,0.383712191,miles
1985,Pacific halibut,latitude,57.3343599,degrees
1987,Pacific halibut,latitude,57.14329079,degrees
1988,Pacific halibut,latitude,57.14363717,degrees
1989,Pacific halibut,latitude,57.24557296,degrees
1990,Pacific halibut,latitude,57.38642404,degrees
1991,Pacific halibut,latitude,57.53211822,degrees
1992,Pacific halibut,latitude,57.54094562,degrees
1993,Pacific halibut,latitude,57.56055081,degrees
1994,Pacific halibut,latitude,57.52504661,degrees
1995,Pacific halibut,latitude,57.49794607,degrees
1996,Pacific halibut,latitude,57.46428917,degrees
1997,Pacific halibut,latitude,57.38079326,degrees
1998,Pacific halibut,latitude,57.38161299,degrees
1999,Pacific halibut,latitude,57.39237247,degrees
2000,Pacific halibut,latitude,57.53589823,degrees
2001,Pacific halibut,latitude,57.67458401,degrees
2002,Pacific halibut,latitude,57.83175126,degrees
2003,Pacific halibut,latitude,57.89691041,degrees
2004,Pacific halibut,latitude,57.87435321,degrees
2005,Pacific halibut,latitude,57.80855559,degrees
2006,Pacific halibut,latitude,57.75827973,degrees
2007,Pacific halibut,latitude,57.72096622,degrees
2008,Pacific halibut,latitude,57.66808103,degrees
2009,Pacific halibut,latitude,57.61701781,degrees
2010,Pacific halibut,latitude,57.64070805,degrees
2011,Pacific halibut,latitude,57.69220083,degrees
2012,Pacific halibut,latitude,57.7691313,degrees
2013,Pacific halibut,latitude,57.82519366,degrees
2014,Pacific halibut,latitude,57.85414793,degrees
2015,Pacific halibut,latitude,57.86835073,degrees
2016,Pacific halibut,latitude,57.86944478,degrees
2017,Pacific halibut,latitude,57.86157437,degrees
2018,Pacific halibut,latitude,57.87472715,degrees
2019,Pacific halibut,latitude,57.90052223,degrees
2021,Pacific halibut,latitude,58.04142368,degrees
2022,Pacific halibut,latitude,58.10402781,degrees
1985,Pacific halibut,longitude,-166.4074782,degrees
1987,Pacific halibut,longitude,-166.8164143,degrees
1988,Pacific halibut,longitude,-166.6258291,degrees
1989,Pacific halibut,longitude,-166.2167882,degrees
1990,Pacific halibut,longitude,-165.8059063,degrees
1991,Pacific halibut,longitude,-165.7590913,degrees
1992,Pacific halibut,longitude,-165.9998102,degrees
1993,Pacific halibut,longitude,-166.3864469,degrees
1994,Pacific halibut,longitude,-166.8066888,degrees
1995,Pacific halibut,longitude,-167.1001735,degrees
1996,Pacific halibut,longitude,-167.3960303,degrees
1997,Pacific halibut,longitude,-167.6396729,degrees
1998,Pacific halibut,longitude,-167.9568416,degrees
1999,Pacific halibut,longitude,-167.9712231,degrees
2000,Pacific halibut,longitude,-167.894607,degrees
2001,Pacific halibut,longitude,-167.5320403,degrees
2002,Pacific halibut,longitude,-167.3133217,degrees
2003,Pacific halibut,longitude,-167.2005586,degrees
2004,Pacific halibut,longitude,-167.1200885,degrees
2005,Pacific halibut,longitude,-166.8869958,degrees
2006,Pacific halibut,longitude,-166.6363138,degrees
2007,Pacific halibut,longitude,-166.4462911,degrees
2008,Pacific halibut,longitude,-166.2712479,degrees
2009,Pacific halibut,longitude,-166.1192364,degrees
2010,Pacific halibut,longitude,-165.8279665,degrees
2011,Pacific halibut,longitude,-165.5899357,degrees
2012,Pacific halibut,longitude,-165.5158572,degrees
2013,Pacific halibut,longitude,-165.7694114,degrees
2014,Pacific halibut,longitude,-166.0577132,degrees
2015,Pacific halibut,longitude,-166.2952072,degrees
2016,Pacific halibut,longitude,-166.367847,degrees
2017,Pacific halibut,longitude,-166.327072,degrees
2018,Pacific halibut,longitude,-166.2589851,degrees
2019,Pacific halibut,longitude,-166.2175227,degrees
2021,Pacific halibut,longitude,-166.1673867,degrees
2022,Pacific halibut,longitude,-166.1094564,degrees
1985,Pacific halibut,change_in_latitude,0,miles
1987,Pacific halibut,change_in_latitude,-13.1837682,miles
1988,Pacific halibut,change_in_latitude,-13.1598684,miles
1989,Pacific halibut,change_in_latitude,-6.126298576,miles
1990,Pacific halibut,change_in_latitude,3.592425727,miles
1991,Pacific halibut,change_in_latitude,13.64532416,miles
1992,Pacific halibut,change_in_latitude,14.25441498,miles
1993,Pacific halibut,change_in_latitude,15.60717276,miles
1994,Pacific halibut,change_in_latitude,13.15738332,miles
1995,Pacific halibut,change_in_latitude,11.28744624,miles
1996,Pacific halibut,change_in_latitude,8.965120113,miles
1997,Pacific halibut,change_in_latitude,3.203902184,miles
1998,Pacific halibut,change_in_latitude,3.260463686,miles
1999,Pacific halibut,change_in_latitude,4.002867255,miles
2000,Pacific halibut,change_in_latitude,13.90614463,miles
2001,Pacific halibut,change_in_latitude,23.47546376,miles
2002,Pacific halibut,change_in_latitude,34.32000402,miles
2003,Pacific halibut,change_in_latitude,38.81598558,miles
2004,Pacific halibut,change_in_latitude,37.25953837,miles
2005,Pacific halibut,change_in_latitude,32.71950265,miles
2006,Pacific halibut,change_in_latitude,29.2504686,miles
2007,Pacific halibut,change_in_latitude,26.67583603,miles
2008,Pacific halibut,change_in_latitude,23.02675785,miles
2009,Pacific halibut,change_in_latitude,19.50339587,miles
2010,Pacific halibut,change_in_latitude,21.13802249,miles
2011,Pacific halibut,change_in_latitude,24.6910243,miles
2012,Pacific halibut,change_in_latitude,29.99922656,miles
2013,Pacific halibut,change_in_latitude,33.86752958,miles
2014,Pacific halibut,change_in_latitude,35.86537418,miles
2015,Pacific halibut,change_in_latitude,36.84536764,miles
2016,Pacific halibut,change_in_latitude,36.92085659,miles
2017,Pacific halibut,change_in_latitude,36.37779865,miles
2018,Pacific halibut,change_in_latitude,37.28534057,miles
2019,Pacific halibut,change_in_latitude,39.06520092,miles
2021,Pacific halibut,change_in_latitude,48.78740101,miles
2022,Pacific halibut,change_in_latitude,53.10708623,miles
